{"cameraMode":{"drawMode":0,"name":"Shaded","section":"Shading Mode"},"sceneLighting":true,"audioPlay":false,"sceneViewState":{"showFog":true,"showMaterialUpdate":false,"showSkybox":true,"showFlares":true,"showImageEffects":true,"showParticleSystems":true,"showVisualEffectGraphs":true,"m_FxEnabled":true},"in2DMode":false,"pivot":{"x":5.549008846282959,"y":6.076707363128662,"z":7.266641616821289},"rotation":{"x":0.17602281272411347,"y":-0.024506594985723497,"z":0.00438363803550601,"w":0.9840720295906067},"size":13.232381820678711,"orthographic":false}